name,width,height
_-0cfJOmUaNNI_1,3840,1920
_-0cfJOmUaNNI_2,3840,1920
_-0suxwissusc,3840,1920
_-1An41lDIJ6Q,3840,2048
_-1LM84FSzW0g_1,3840,2048
_-1LM84FSzW0g_2,3840,2048
_-1LM84FSzW0g_3,3840,2048
_-4fxKBGthpaw,3840,1920
_-4SilhsTuDU0,3840,1920
_-5h95uTtPeck,3840,2000
_-6QUCaLvQ_3I,3840,2048
_-72f3ayGhMEA_1,3840,1920
_-72f3ayGhMEA_2,3840,1920
_-72f3ayGhMEA_3,3840,1920
_-72f3ayGhMEA_4,3840,1920
_-72f3ayGhMEA_6,3840,1920
_-bO43msZTfwA,3840,1920
_-Bvu9m__ZX60,3840,1920
_-ByBF08H-wDA,3840,2032
_-dBM3eM9HOoA,3840,2048
_-eGGFGota5_A,3840,2048
_-eqmjLZGZ36k,7680,3840
_-ey9J7w98wlI,3840,2048
_-ey9J7w98wlI_2,3840,2048
_-g4fQ5iOVzsI,3840,2048
_-G8pABGosD38,2560,1440
_-Gq4Y4gL3zSg,3840,2000
_-gTB1nfK-0Ac,3840,1920
_-gy4TI-6j5po,3840,1920
_-HNQMF7e6IL0,3840,2048
_-I-43DzvhxX8_1,3840,1920
_-idLVnagjl_s,3840,1920
_-IRG9Z7Y2uS4,3840,1920
_-J0Q4L68o3xE_1,3840,1920
_-J0Q4L68o3xE_2,3840,1920
_-jb5YxiXIsjU,3772,1886
_-JBrp8aG4lro_1,3840,2160
_-kZB3KMhqqyI,3840,1920
_-LThm7VYvwxY,3840,1920
_-MDwhMMSFkJ8,3840,1920
_-MFVmxoXgeNQ,1920,960
_-MYmMZxmSc1U,3840,2048
_-MzcdEI-tSUc_4,3840,1920
_-n524y8uPUaU,3840,2160
_-nDu57CGqbLM,7680,3840
_-Ngj6C_RMK1g_1,3840,2160
_-Ngj6C_RMK1g_2,3840,2160
_-nZJGt3ZVg3g,3840,1920
_-o7JEBWV4CmY,3840,1920
_-Oak26yVbibQ,3840,1920
_-P4KyjvsceZQ,3840,2160
_-RbgxpagCY_c,3840,1920
_-RrGhiInqXhc,3840,1920
_-RSYbTSTz91g,3840,1920
_-SdGCX2H-_Uk,3840,2160
_-SJIbpqgYWGw,3840,1920
_-SZYXQ-6bfiQ,3840,2160
_-TCUsegqBZ_M,3840,1920
_-UpFZ2YaKeqM,3840,2048
_-Uy5LTocHmoA,3840,2048
_-V3zp7XOGBhs,3840,1920
_-ZuXCMpVR24I,3840,2048
_band,3840,1920
_conversation,3840,2048
_conversation2,3840,2048
_Ellen,3840,1920
_Ellen2,3840,1920
